﻿Designator,Footprint,Quantity,Value,LCSC Part #
"C1, C11, C12, C13, C14, C15, C18, C33, C34, C35, C38, C39, C4, C40, C43, C44, C45, C48, C49, C50, C7",0402,21,100nF,
"C10, C9",0402,2,4.7uF,
"C16, C17, C5",0402,3,2.2uF,
"C19, C20",0402,2,30pF,
"C2, C3",0805,2,10uF,
"C31, C32, C36, C37, C41, C42, C46, C47",0603,8,7pF,
C6,0805,1,47uF,
C8,0402,1,1uF,
CR2,SOD-123FL_MCC,1,SMD110PL-TP,
DS1,LCD_LCM-S01602DTR_A,1,HS1602A-B,
J1,GCT_USB4105-GF-A,1,USB4105-GF-A,
"J10, J11, J8, J9",CUI_TB006-508-03BE,4,WJ500V-5.08-3P,
J12,SAMTEC_TS-102-G-A,1,TS-102-G-A,
J2,PinHeader_1x04_P2.54mm_Horizontal,1,Conn_01x04_MountingPin,
J4,JST_B2B-XH-A,1,B2B-PH-K-S-GW,
L2,CDRH5D28RHP,1,6.8uH,
"PS5, PS6, PS7, PS8",CONV_RFM-0505S,4,B0505S-1WR3,
"R1, R2",0402,2,22,
"R10, R11, R12, R13, R22, R24, R26, R8, R9",0402,9,10k,
R14,0402,1,1.18K,
R15,0805,1,25k,
R16,0402,1,100,
R17,0402,1,1.5k,
"R18, R19, R20",0402,3,4.7k,
"R21, R23, R25, R27",0402,4,120,
R3,0805,1,2.87M,
"R4, R5",0603,2,5.1k,
R7,0805,1,390k,
"S10, S11, S12, S13, S5",TS-1088-AR02016,5,TS-1088-AR02016,GPTS203211B
"SW1, SW2, SW3, SW4, SW5",SS12D07_CNK,5,SS12D07VG4NSGAPA,
"U1, U2, U4, U5",SOT95P275X110-6N,4,MAX16054AZT_T,
"U19, U21, U23, U25",SOIC127P1030X265-18N,4,MCP2515-I_SO,
"U20, U22, U24, U26",SOP254P1040X485-8N,4,ISO1050DUBR,
U3,SOT230P700X180-4N,1,LD1117S33TR,
U6,VREG_V62_16624-01YE,1,TPS61027DRCR,
U7,QFN50P300X300X100-17N,1,BQ24075RGTT,
U8,QFP50P1600X1600X160-100N,1,STM32F407VGT6,
U9,SOIC127P1032X265-16N,1,PCF8574T_3_518,"PCF8574T/3,518"
VR1,POT_3362P,1,3362P-1-103LF,
"Y1, Y2, Y3, Y4, Y5",OSC_CSTNE16M0V530000R0,5,CSTNE16M0V530000R0,
